UE,tratamiento,rep,compost,suelo,fecha,evaluacion,dias,altura_cm,hojas,diametro_cm
UE01,T2,R3,20,80,02/09/2026,E1,0,0,0,0
UE01,T2,R3,20,80,07/09/2026,E2,5,"0,7",1,"0,1"
UE01,T2,R3,20,80,12/09/2026,E3,10,"3,5",4,"0,18"
UE01,T2,R3,20,80,17/09/2026,E4,15,"7,5",7,"0,3"
UE01,T2,R3,20,80,22/09/2026,E5,20,13,11,"0,45"
UE02,T0,R1,0,100,02/09/2026,E1,0,0,0,0
UE02,T0,R1,0,100,07/09/2026,E2,5,"0,6",2,"0,09"
UE02,T0,R1,0,100,12/09/2026,E3,10,"2,5",4,"0,15"
UE02,T0,R1,0,100,17/09/2026,E4,15,"5,5",6,"0,23"
UE02,T0,R1,0,100,22/09/2026,E5,20,"9,1",8,"0,33"
UE03,T3,R4,30,70,02/09/2026,E1,0,0,0,0
UE03,T3,R4,30,70,07/09/2026,E2,5,"0,9",1,"0,13"
UE03,T3,R4,30,70,12/09/2026,E3,10,"4,1",5,"0,22"
UE03,T3,R4,30,70,17/09/2026,E4,15,"8,6",8,"0,36"
UE03,T3,R4,30,70,22/09/2026,E5,20,"14,6",12,"0,52"
UE04,T1,R2,10,90,02/09/2026,E1,0,0,0,0
UE04,T1,R2,10,90,07/09/2026,E2,5,"0,8",2,"0,09"
UE04,T1,R2,10,90,12/09/2026,E3,10,"3,1",5,"0,16"
UE04,T1,R2,10,90,17/09/2026,E4,15,"6,7",7,"0,25"
UE04,T1,R2,10,90,22/09/2026,E5,20,"11,2",10,"0,38"
UE05,T2,R1,20,80,02/09/2026,E1,0,0,0,0
UE05,T2,R1,20,80,07/09/2026,E2,5,"0,7",1,"0,11"
UE05,T2,R1,20,80,12/09/2026,E3,10,"3,5",4,"0,19"
UE05,T2,R1,20,80,17/09/2026,E4,15,"7,5",7,"0,31"
UE05,T2,R1,20,80,22/09/2026,E5,20,13,11,"0,46"
UE06,T3,R2,30,70,02/09/2026,E1,0,0,0,0
UE06,T3,R2,30,70,07/09/2026,E2,5,"0,9",2,"0,13"
UE06,T3,R2,30,70,12/09/2026,E3,10,4,6,"0,22"
UE06,T3,R2,30,70,17/09/2026,E4,15,"8,6",9,"0,36"
UE06,T3,R2,30,70,22/09/2026,E5,20,"14,6",13,"0,52"
UE07,T0,R4,0,100,02/09/2026,E1,0,0,0,0
UE07,T0,R4,0,100,07/09/2026,E2,5,"0,6",1,"0,08"
UE07,T0,R4,0,100,12/09/2026,E3,10,"2,6",3,"0,14"
UE07,T0,R4,0,100,17/09/2026,E4,15,"5,6",5,"0,22"
UE07,T0,R4,0,100,22/09/2026,E5,20,"9,1",7,"0,32"
UE08,T1,R3,10,90,02/09/2026,E1,0,0,0,0
UE08,T1,R3,10,90,07/09/2026,E2,5,"0,8",2,"0,1"
UE08,T1,R3,10,90,12/09/2026,E3,10,"3,1",5,"0,17"
UE08,T1,R3,10,90,17/09/2026,E4,15,"6,7",7,"0,26"
UE08,T1,R3,10,90,22/09/2026,E5,20,"11,2",10,"0,39"
UE09,T3,R1,30,70,02/09/2026,E1,0,0,0,0
UE09,T3,R1,30,70,07/09/2026,E2,5,"0,8",1,"0,13"
UE09,T3,R1,30,70,12/09/2026,E3,10,4,5,"0,22"
UE09,T3,R1,30,70,17/09/2026,E4,15,"8,5",8,"0,36"
UE09,T3,R1,30,70,22/09/2026,E5,20,"14,5",12,"0,52"
UE10,T2,R4,20,80,02/09/2026,E1,0,0,0,0
UE10,T2,R4,20,80,07/09/2026,E2,5,"0,8",2,"0,1"
UE10,T2,R4,20,80,12/09/2026,E3,10,"3,5",5,"0,18"
UE10,T2,R4,20,80,17/09/2026,E4,15,"7,5",8,"0,3"
UE10,T2,R4,20,80,22/09/2026,E5,20,"13,1",12,"0,45"
UE11,T1,R1,10,90,02/09/2026,E1,0,0,0,0
UE11,T1,R1,10,90,07/09/2026,E2,5,"0,7",1,"0,1"
UE11,T1,R1,10,90,12/09/2026,E3,10,"3,1",4,"0,17"
UE11,T1,R1,10,90,17/09/2026,E4,15,"6,6",6,"0,26"
UE11,T1,R1,10,90,22/09/2026,E5,20,"11,1",9,"0,39"
UE12,T0,R2,0,100,02/09/2026,E1,0,0,0,0
UE12,T0,R2,0,100,07/09/2026,E2,5,"0,7",2,"0,1"
UE12,T0,R2,0,100,12/09/2026,E3,10,"2,6",4,"0,16"
UE12,T0,R2,0,100,17/09/2026,E4,15,"5,7",6,"0,24"
UE12,T0,R2,0,100,22/09/2026,E5,20,"9,2",8,"0,34"
UE13,T1,R4,10,90,02/09/2026,E1,0,0,0,0
UE13,T1,R4,10,90,07/09/2026,E2,5,"0,6",1,"0,09"
UE13,T1,R4,10,90,12/09/2026,E3,10,3,4,"0,16"
UE13,T1,R4,10,90,17/09/2026,E4,15,"6,5",6,"0,25"
UE13,T1,R4,10,90,22/09/2026,E5,20,11,9,"0,38"
UE14,T3,R3,30,70,02/09/2026,E1,0,0,0,0
UE14,T3,R3,30,70,07/09/2026,E2,5,"0,9",2,"0,12"
UE14,T3,R3,30,70,12/09/2026,E3,10,4,6,"0,21"
UE14,T3,R3,30,70,17/09/2026,E4,15,"8,6",9,"0,35"
UE14,T3,R3,30,70,22/09/2026,E5,20,"14,6",13,"0,51"
UE15,T2,R2,20,80,02/09/2026,E1,0,0,0,0
UE15,T2,R2,20,80,07/09/2026,E2,5,"0,8",1,"0,12"
UE15,T2,R2,20,80,12/09/2026,E3,10,"3,6",4,"0,2"
UE15,T2,R2,20,80,17/09/2026,E4,15,"7,6",7,"0,32"
UE15,T2,R2,20,80,22/09/2026,E5,20,"13,1",11,"0,47"
UE16,T0,R3,0,100,02/09/2026,E1,0,0,0,0
UE16,T0,R3,0,100,07/09/2026,E2,5,"0,7",2,"0,08"
UE16,T0,R3,0,100,12/09/2026,E3,10,"2,6",4,"0,14"
UE16,T0,R3,0,100,17/09/2026,E4,15,"5,7",6,"0,22"
UE16,T0,R3,0,100,22/09/2026,E5,20,"9,2",8,"0,32"